E-vec,PCA0,PCA1,PCA2,PCA3
E-val,4.224840768320115,0.2422435716275156,0.07852390809415459,0.023683027126001958
Cumulative,0.9246162071742684,0.9776317750248035,0.9948169145498102,1.0000000000000002
sepallength,0.3615896773814496,-0.08226888989221424,0.8565721052905281,0.3588439262482156
sepalwidth,-0.6565398832858317,-0.7297123713264964,0.17576740342865457,0.07470647013503282
petallength,0.5809972798276171,-0.5964180879381026,-0.07252407548696273,-0.5490609107266045
petalwidth,0.31725454716853957,-0.3240943524179677,-0.47971898732993956,0.7511205603808223
